Year,Volcanic Explosivity Index,Volcano Type,Flag Tsunami,Flag Earthquake,Name and Country
1280 dC,6.0,Caldera,False,False,Quilotoa (Ecuador)
1540 dC,4.0,Arandela De Cúpula,True,False,Augustine (United States)
1660 dC,6.0,Volcán Complejo,True,False,Long Island (Papua New Guinea)
1858 dC,0.0,Estratovolcán,False,True,Tate-yama (Japan)
1864 dC,2.0,Estratovolcán,False,False,Kelut (Indonesia)
1873 dC,2.0,Estratovolcán,False,False,Ragang (Philippines)
1902 dC,3.0,Estratovolcán,False,False,Tori-shima (Japan)
1907 dC,2.0,Volcán En Escudo,False,False,Alayta (Ethiopia)
1909 dC,2.0,Estratovolcán,False,False,Semeru (Indonesia)
1919 dC,4.0,Estratovolcán,False,False,Kelut (Indonesia)
1919 dC,0.0,Estratovolcán,False,False,Nasu (Japan)
1920 dC,3.0,Estratovolcán,False,False,Izalco (El Salvador)
1938 dC,0.0,Estratovolcán,False,False,Bandai (Japan)
1949 dC,3.0,Estratovolcán,False,False,Villarrica (Chile)
1963 dC,3.0,Estratovolcán,False,False,Fuego (Guatemala)
1968 dC,3.0,Estratovolcán,False,False,Mayon (Philippines)
1985 dC,3.0,Estratovolcán,False,False,Semeru (Indonesia)
1992 dC,2.0,Volcán Complejo,False,False,Marapi (Indonesia)
2001 dC,2.0,Estratovolcán,False,False,Stromboli (Italy)
2004 dC,4.0,Estratovolcán,False,False,Manam (Papua New Guinea)
2010 dC,0.0,Estratovolcán,True,True,Sarigan (United States)
2018 dC,2.0,Estratovolcán,False,True,Etna (Italy)
2020 dC,0.0,Estratovolcán,False,False,Taal (Philippines)
1357 dC,4.0,Volcán Subglacial,False,False,Katla (Iceland)
1586 dC,5.0,Estratovolcán,False,False,Kelut (Indonesia)
1730 dC,0.0,Cono Piroclástico,False,False,Tseax River Cone (Canada)
1823 dC,0.0,Volcán En Escudo,False,False,Kilauea (United States)
1832 dC,3.0,Estratovolcán,False,False,Merapi (Indonesia)
1838 dC,2.0,Estratovolcán,False,False,Gamalama (Indonesia)
1858 dC,2.0,Estratovolcán,False,False,Mayon (Philippines)
1872 dC,3.0,Caldera,False,False,Aso (Japan)
1879 dC,2.0,Estratovolcán,True,False,Stromboli (Italy)
1893 dC,2.0,Estratovolcán,False,False,Azuma (Japan)
1918 dC,3.0,Volcán Submarino,True,False,Banua Wuhu (Indonesia)
1940 dC,2.0,Estratovolcán,False,False,Miyake-jima (Japan)
1966 dC,3.0,Estratovolcán,True,False,Tinakula (Solomon Is.)
1970 dC,3.0,Estratovolcán,False,False,Hekla (Iceland)
1974 dC,4.0,Estratovolcán,False,False,Fuego (Guatemala)
1975 dC,2.0,Volcán Complejo,False,False,Marapi (Indonesia)
1977 dC,1.0,Caldera,False,False,Krafla (Iceland)
1984 dC,0.0,Volcán Complejo,False,False,On-take (Japan)
1989 dC,0.0,Caldera,False,False,Aso (Japan)
1991 dC,0.0,Volcán Complejo,False,False,Mutnovsky (Russia)
1991 dC,5.0,Estratovolcán,False,False,"Hudson, Cerro (Chile)"
1992 dC,0.0,Volcán Complejo,False,False,Dieng Volc Complex (Indonesia)
1993 dC,2.0,Estratovolcán,False,False,Mayon (Philippines)
1995 dC,0.0,Volcán Complejo,False,False,Kelimutu (Indonesia)
2015 dC,0.0,Arandela De Cúpula,False,False,Okataina (New Zealand)
2018 dC,0.0,Estratovolcán,True,False,Kadovar (Papua New Guinea)
1750 aC,6.0,Estratovolcán,False,False,Veniaminof (United States)
847 dC,6.0,Estratovolcán,False,False,Bona-Churchill (United States)
930 dC,6.0,Estratovolcán,False,False,Ceboruco (Mexico)
1158 dC,4.0,Estratovolcán,False,False,Hekla (Iceland)
1329 dC,1.0,Estratovolcán,False,False,Etna (Italy)
1510 dC,4.0,Estratovolcán,False,False,Hekla (Iceland)
1615 dC,3.0,Caldera,False,False,Banda Api (Pacific Ocean)
1617 dC,3.0,Estratovolcán,False,False,Fuego (Guatemala)
1646 dC,4.0,Estratovolcán,False,False,Makian (Indonesia)
1677 dC,2.0,Estratovolcán,False,False,La Palma (Spain)
1784 dC,0.0,Volcán En Escudo,False,False,Hualalai (United States)
1800 dC,5.0,Estratovolcán,False,False,St. Helens (United States)
1820 dC,2.0,Caldera,False,False,Banda Api (Pacific Ocean)
1827 dC,2.0,Estratovolcán,True,True,Avachinsky (Russia)
1843 dC,2.0,Estratovolcán,False,False,Etna (Italy)
1847 dC,2.0,Volcán Complejo,False,False,Dieng Volc Complex (Indonesia)
1857 dC,0.0,Volcán Complejo,True,True,Umboi (Papua New Guinea)
1866 dC,2.0,Volcán En Escudo,True,False,Ofu-Olosega (United States)
1870 dC,2.0,Estratovolcán,False,False,Ruang (Indonesia)
1870 dC,3.0,Volcán Complejo,False,False,Iliwerung (Indonesia)
1885 dC,3.0,Estratovolcán,False,True,Purace (Colombia)
1897 dC,2.0,Estratovolcán,True,False,Tinakula (Solomon Is.)
1902 dC,4.0,Estratovolcán,True,False,Soufriere St. Vincent (St. Vincent & the Grenadines)
1903 dC,0.0,Volcán En Escudo,False,False,Karthala (Comoros)
1932 dC,3.0,Estratovolcán,False,False,Kusatsu-Shirane (Japan)
1951 dC,2.0,Volcán Submarino,True,False,Kavachi (Solomon Is.)
1971 dC,0.0,Estratovolcán,False,False,Kusatsu-Shirane (Japan)
1991 dC,1.0,Estratovolcán,False,False,Lokon-Empung (Indonesia)
1995 dC,3.0,Volcán Complejo,False,False,Pacaya (Guatemala)
1998 dC,0.0,Volcán En Escudo,False,False,Kilauea (United States)
1999 dC,2.0,Estratovolcán,False,False,Fuego (Guatemala)
2011 dC,3.0,Estratovolcán,False,False,Gamalama (Indonesia)
2017 dC,0.0,Estratovolcán,False,False,Sinabung (Indonesia)
1890 aC,6.0,Estratovolcán,False,False,"Hudson, Cerro (Chile)"
455 aC,4.0,Estratovolcán,False,False,Cotopaxi (Ecuador)
240 dC,6.0,Estratovolcán,False,False,Ksudach (Russia)
1362 dC,5.0,Estratovolcán,False,False,Oraefajokull (Iceland)
1385 dC,3.0,Estratovolcán,False,False,Kelut (Indonesia)
1630 dC,4.0,Estratovolcán,False,False,Furnas (Portugal)
1669 dC,3.0,Estratovolcán,False,True,Etna (Italy)
1670 dC,2.0,Volcán En Escudo,False,False,Aoba (Vanuatu)
1690 dC,3.0,Volcán Complejo,False,False,Guntur (Indonesia)
1766 dC,3.0,Estratovolcán,False,False,Mayon (Philippines)
1780 dC,3.0,Estratovolcán,False,False,Aoga-shima (Japan)
1784 dC,4.0,Caldera,False,False,Grimsvotn (Iceland)
1890 dC,2.0,Estratovolcán,False,False,Victory (Papua New Guinea)
1913 dC,1.0,Volcán Complejo,False,False,Asama (Japan)
1926 dC,3.0,Estratovolcán,False,False,Tokachi (Japan)
1932 dC,4.0,Estratovolcán,False,False,Fuego (Guatemala)
1964 dC,2.0,Estratovolcán,False,False,Villarrica (Chile)
1967 dC,3.0,Caldera,True,False,Deception Island (Antarctica)
1974 dC,2.0,Estratovolcán,False,False,Merapi (Indonesia)
1977 dC,1.0,Estratovolcán,False,False,"Nyiragongo (Congo, DRC)"
1988 dC,3.0,Estratovolcán,False,False,Lonquimay (Chile)
1991 dC,1.0,Volcán Complejo,False,False,Unzen (Japan)
1993 dC,1.0,Estratovolcán,False,False,Guagua Pichincha (Ecuador)
2008 dC,3.0,Estratovolcán,False,False,Tungurahua (Ecuador)
2011 dC,3.0,Estratovolcán,False,False,Nabro (Eritrea)
2013 dC,0.0,Estratovolcán,False,False,Ubinas (Peru)
2014 dC,0.0,Estratovolcán,False,False,Sinabung (Indonesia)
2015 dC,0.0,Estratovolcán,False,False,Sinabung (Indonesia)
416 dC,0.0,Caldera,True,False,Krakatau (Indonesia)
1311 dC,3.0,Estratovolcán,False,False,Kelut (Indonesia)
1410 dC,3.0,Estratovolcán,False,False,Nasu (Japan)
1672 dC,2.0,Estratovolcán,False,False,Fayal (Portugal)
1780 dC,0.0,Estratovolcán,True,False,Sakura-jima (Japan)
1800 dC,2.0,Estratovolcán,False,False,Kieyo (Tanzania)
1803 dC,2.0,Volcán Complejo,False,False,Asama (Japan)
1894 dC,3.0,Escudo Piroclástico,False,False,Ambrym (Vanuatu)
1910 dC,2.0,Estratovolcán,False,False,Usu (Japan)
1911 dC,2.0,Volcán Complejo,False,False,Asama (Japan)
1917 dC,3.0,Estratovolcán,False,True,San Salvador (El Salvador)
1923 dC,0.0,Estratovolcán,False,False,Tangkubanparahu (Indonesia)
1923 dC,2.0,Volcán En Escudo,False,False,Kirishima (Japan)
1929 dC,4.0,Estratovolcán,False,False,Komaga-take (Japan)
1929 dC,3.0,Estratovolcán,False,False,Santa Maria (Guatemala)
1939 dC,1.0,Volcán Submarino,True,False,Kick-'em-Jenny (Netherlands)
1951 dC,3.0,Estratovolcán,False,False,Kelut (Indonesia)
1966 dC,4.0,Estratovolcán,False,False,Awu (Indonesia)
1971 dC,2.0,Estratovolcán,False,False,Villarrica (Chile)
1974 dC,2.0,Arandela De Cúpula,False,False,Niigata-Yake-yama (Japan)
1977 dC,0.0,Volcán En Escudo,False,False,Karthala (Comoros)
1978 dC,2.0,Estratovolcán,False,False,Bulusan (Philippines)
1982 dC,5.0,Cono De Toba,False,False,"Chichon, El (Mexico)"
1986 dC,0.0,Volcán Complejo,False,False,Akita-Yake-yama (Japan)
2001 dC,2.0,Estratovolcán,False,False,Etna (Italy)
2018 dC,1.0,Volcán En Escudo,False,False,Kilauea (United States)
1645 aC,6.0,Caldera,False,False,Aniakchak (United States)
1636 dC,3.0,Estratovolcán,False,False,Hekla (Iceland)
1669 dC,3.0,Estratovolcán,False,False,Etna (Italy)
1698 dC,3.0,Volcán Complejo,True,False,Vesuvius (Italy)
1706 dC,2.0,Estratovolcán,True,False,Tenerife (Spain)
1707 dC,4.0,Estratovolcán,False,True,Fuji (Japan)
1826 dC,2.0,Volcán Complejo,False,False,Dieng Volc Complex (Indonesia)
1832 dC,2.0,Estratovolcán,False,False,Etna (Italy)
1835 dC,5.0,Estratovolcán,False,False,Cosiguina (Nicaragua)
1860 dC,0.0,Caldera,False,False,Grimsvotn (Iceland)
1871 dC,2.0,Estratovolcán,False,False,Gamalama (Indonesia)
1872 dC,4.0,Estratovolcán,False,False,Sinarka (Russia)
1899 dC,4.0,Estratovolcán,False,False,Dona Juana (Colombia)
1905 dC,2.0,Volcán Complejo,False,False,Vesuvius (Italy)
1924 dC,2.0,Volcán En Escudo,False,False,Kilauea (United States)
1931 dC,3.0,Volcán Complejo,False,False,Asama (Japan)
1947 dC,2.0,Estratovolcán,False,False,Mayon (Philippines)
1957 dC,2.0,Estratovolcán,False,True,Vsevidof (United States)
1963 dC,2.0,Caldera,False,False,Batur (Indonesia)
1967 dC,3.0,Estratovolcán,False,False,"Lengai, Ol Doinyo (Tanzania)"
1969 dC,3.0,Estratovolcán,False,False,Iya (Indonesia)
1988 dC,3.0,Estratovolcán,False,False,Semeru (Indonesia)
1990 dC,2.0,Caldera,False,False,Aso (Japan)
1994 dC,0.0,Estratovolcán,False,True,Huila (Colombia)
1999 dC,4.0,Estratovolcán,False,False,Shiveluch (Russia)
1999 dC,3.0,Estratovolcán,False,False,Tungurahua (Ecuador)
2019 dC,2.0,Estratovolcán,False,False,White Island (New Zealand)
920 dC,4.0,Volcán Subglacial,False,False,Katla (Iceland)
1104 dC,5.0,Estratovolcán,False,False,Hekla (Iceland)
1151 dC,1.0,Filas De Cráteres,False,False,Krisuvik (Iceland)
1206 dC,2.0,Estratovolcán,False,False,Hekla (Iceland)
1329 dC,3.0,Estratovolcán,True,True,Etna (Italy)
1485 dC,2.0,Caldera,False,False,Aso (Japan)
1550 dC,3.0,Volcán Complejo,False,False,Dukono (Indonesia)
1576 dC,3.0,Estratovolcán,False,False,Colima (Mexico)
1580 dC,4.0,Volcán Subglacial,False,False,Katla (Iceland)
1598 dC,2.0,Volcán Complejo,False,False,Asama (Japan)
1730 dC,2.0,Grieta De Viento,False,False,Lanzarote (Spain)
1772 dC,3.0,Estratovolcán,False,False,Papandayan (Indonesia)
1781 dC,4.0,Estratovolcán,True,False,Sakura-jima (Japan)
1826 dC,2.0,Caldera,False,False,Aso (Japan)
1840 dC,0.0,Volcán En Escudo,True,False,Kilauea (United States)
1840 dC,3.0,Estratovolcán,False,False,Savo (Solomon Is.)
1850 dC,2.0,Escudo Piroclástico,False,False,Rabaul (Papua New Guinea)
1858 dC,0.0,Estratovolcán,False,False,Tate-yama (Japan)
1883 dC,2.0,Volcán En Escudo,False,False,Karthala (Comoros)
1887 dC,3.0,Estratovolcán,False,False,Mayon (Philippines)
1890 dC,2.0,Estratovolcán,False,False,Makian (Indonesia)
1902 dC,4.0,Estratovolcán,True,False,Pelee (Martinique)
1902 dC,6.0,Estratovolcán,False,False,Santa Maria (Guatemala)
1936 dC,3.0,Volcán Complejo,False,False,Asama (Japan)
1937 dC,2.0,Estratovolcán,False,False,Llaima (Chile)
1943 dC,3.0,Volcán En Escudo,False,False,"Azul, Cerro (Ecuador)"
1951 dC,4.0,Estratovolcán,False,False,Lamington (Papua New Guinea)
1970 dC,0.0,Caldera,False,False,Campi Flegrei (Italy)
1981 dC,3.0,Estratovolcán,False,False,Semeru (Indonesia)
1983 dC,1.0,Volcán Complejo,True,False,Iliwerung (Indonesia)
1985 dC,1.0,Estratovolcán,False,False,Etna (Italy)
1990 dC,3.0,Estratovolcán,False,False,Sabancaya (Peru)
1990 dC,0.0,Estratovolcán,False,False,"Nyiragongo (Congo, DRC)"
1997 dC,3.0,Estratovolcán,False,False,Semeru (Indonesia)
1999 dC,3.0,Estratovolcán,True,False,Soufriere Hills (Montserrat)
2000 dC,2.0,Estratovolcán,False,False,Merapi (Indonesia)
1593 dC,5.0,Estratovolcán,False,False,Raung (Indonesia)
1609 dC,0.0,Cono Piroclástico,False,False,Tengchong (China)
1692 dC,4.0,Estratovolcán,False,False,Serua (Pacific Ocean)
1718 dC,2.0,Estratovolcán,False,False,Pico (Portugal)
1846 dC,0.0,Caldera,False,False,Taupo (New Zealand)
1866 dC,2.0,Volcán En Escudo,False,False,Santorini (Greece)
1877 dC,0.0,Volcán En Escudo,True,True,Mauna Loa (United States)
1883 dC,3.0,Cono De Lavado,False,False,Bagana (Papua New Guinea)
1886 dC,4.0,Volcán En Escudo,False,False,Niuafo'ou (Tonga)
1896 dC,2.0,Volcán En Escudo,False,False,Kirishima (Japan)
1902 dC,4.0,Estratovolcán,True,False,Pelee (Martinique)
1914 dC,0.0,Volcán En Escudo,False,False,Aoba (Vanuatu)
1923 dC,1.0,Estratovolcán,False,False,Papandayan (Indonesia)
1928 dC,2.0,Volcán En Escudo,False,False,Santorini (Greece)
1947 dC,0.0,Estratovolcán,False,False,Akagi (Japan)
1963 dC,5.0,Estratovolcán,True,False,Agung (Indonesia)
1963 dC,2.0,Estratovolcán,False,False,Semeru (Indonesia)
1965 dC,4.0,Estratovolcán,True,False,Taal (Philippines)
1973 dC,3.0,Volcán Submarino,False,False,Vestmannaeyjar (Iceland)
1974 dC,3.0,Estratovolcán,False,False,Karangetang [Api Siau] (Indonesia)
1975 dC,0.0,Volcán En Escudo,True,True,Kilauea (United States)
1982 dC,5.0,Cono De Toba,False,False,"Chichon, El (Mexico)"
1986 dC,3.0,Pero,False,False,Oku Volc Field (Cameroon)
1992 dC,3.0,Estratovolcán,False,False,Semeru (Indonesia)
1994 dC,3.0,Estratovolcán,False,False,Yasur (Vanuatu)
1998 dC,0.0,Estratovolcán,False,False,San Cristobal (Nicaragua)
2004 dC,2.0,Estratovolcán,False,False,Tengger Caldera (Indonesia)
2007 dC,0.0,Estratovolcán,False,False,Huila (Colombia)
2008 dC,0.0,Caldera,False,False,Chaiten (Chile)
2008 dC,3.0,Estratovolcán,True,False,Kasatochi (United States)
2017 dC,0.0,Estratovolcán,False,False,Merapi (Indonesia)
1610 aC,7.0,Volcán En Escudo,True,True,Santorini (Greece)
150 aC,0.0,Volcán Complejo,False,False,St. Andrew Strait (Papua New Guinea)
100 aC,6.0,Volcán En Escudo,False,False,Okmok (United States)
1341 dC,3.0,Estratovolcán,False,False,Hekla (Iceland)
1430 dC,0.0,Caldera,False,False,Kuwae (Vanuatu)
1510 dC,4.0,Estratovolcán,False,False,Hekla (Iceland)
1580 dC,6.0,Escudo Piroclástico,False,False,Billy Mitchell (Papua New Guinea)
1698 dC,3.0,Estratovolcán,False,False,Cereme (Indonesia)
1716 dC,4.0,Estratovolcán,True,True,Taal (Philippines)
1717 dC,3.0,Estratovolcán,False,False,Fuego (Guatemala)
1721 dC,5.0,Volcán Subglacial,False,False,Katla (Iceland)
1819 dC,0.0,Estratovolcán,True,False,Asuncion (United States)
1845 dC,3.0,Estratovolcán,False,False,Ruiz (Colombia)
1895 dC,2.0,Volcán En Escudo,False,False,Kirishima (Japan)
1901 dC,0.0,Estratovolcán,True,True,Epi (Vanuatu)
1907 dC,0.0,Volcán Submarino,True,True,Unnamed (Tonga)
1928 dC,0.0,Caldera,True,False,Krakatau (Indonesia)
1940 dC,2.0,Estratovolcán,False,False,"Lengai, Ol Doinyo (Tanzania)"
1946 dC,2.0,Estratovolcán,False,False,Semeru (Indonesia)
1953 dC,3.0,Estratovolcán,False,False,Merapi (Indonesia)
1954 dC,0.0,Estratovolcán,False,False,Tate-yama (Japan)
1961 dC,2.0,Volcán Complejo,False,False,Asama (Japan)
1962 dC,3.0,Estratovolcán,False,False,Tokachi (Japan)
1963 dC,3.0,Estratovolcán,False,True,Agung (Indonesia)
1969 dC,2.0,Volcán Compuesto,True,False,Didicas (Philippines)
1997 dC,1.0,Estratovolcán,False,False,Karangetang [Api Siau] (Indonesia)
2000 dC,3.0,Estratovolcán,False,False,Semeru (Indonesia)
2009 dC,0.0,Volcán En Escudo,False,False,Kilauea (United States)
2011 dC,0.0,Estratovolcán,False,False,Merapi (Indonesia)
1900 aC,6.0,Estratovolcán,False,False,Black Peak (United States)
1477 dC,6.0,Estratovolcán,False,False,Bardarbunga (Iceland)
1597 dC,3.0,Estratovolcán,False,False,Raung (Indonesia)
1673 dC,5.0,Estratovolcán,True,False,Gamkonora (Indonesia)
1754 dC,4.0,Estratovolcán,True,True,Taal (Philippines)
1768 dC,4.0,Estratovolcán,False,False,Cotopaxi (Ecuador)
1792 dC,2.0,Volcán Complejo,True,True,Unzen (Japan)
1814 dC,4.0,Estratovolcán,False,False,Mayon (Philippines)
1815 dC,7.0,Estratovolcán,True,False,Tambora (Indonesia)
1818 dC,4.0,Estratovolcán,False,False,Colima (Mexico)
1854 dC,3.0,Estratovolcán,True,False,Alaid (Russia)
1863 dC,0.0,Estratovolcán,True,True,Yasur (Vanuatu)
1872 dC,4.0,Estratovolcán,False,False,Merapi (Indonesia)
1884 dC,0.0,Caldera,True,False,Krakatau (Indonesia)
1888 dC,3.0,Estratovolcán,True,False,Ritter Island (Papua New Guinea)
1888 dC,4.0,Estratovolcán,False,False,Bandai (Japan)
1913 dC,2.0,Estratovolcán,False,False,Semeru (Indonesia)
1916 dC,4.0,Estratovolcán,False,False,Tungurahua (Ecuador)
1920 dC,3.0,Estratovolcán,False,False,Merapi (Indonesia)
1946 dC,2.0,Estratovolcán,False,False,Semeru (Indonesia)
1948 dC,2.0,Volcán Complejo,False,False,Iliwerung (Indonesia)
1950 dC,3.0,Estratovolcán,False,False,Camiguin (Philippines)
1950 dC,2.0,Volcán Complejo,False,False,Asama (Japan)
1951 dC,0.0,Estratovolcán,True,True,Cosiguina (Nicaragua)
1956 dC,5.0,Estratovolcán,True,False,Bezymianny (Russia)
1958 dC,2.0,Caldera,True,False,Kuwae (Vanuatu)
1967 dC,3.0,Estratovolcán,False,False,Semeru (Indonesia)
1974 dC,3.0,Estratovolcán,False,False,Sakura-jima (Japan)
1979 dC,1.0,Volcán Complejo,False,False,Dieng Volc Complex (Indonesia)
1984 dC,3.0,Estratovolcán,False,False,Mayon (Philippines)
1988 dC,3.0,Caldera,False,False,Banda Api (Pacific Ocean)
1993 dC,1.0,Caldera,False,False,Krakatau (Indonesia)
1996 dC,2.0,Estratovolcán,True,False,Karymsky (Russia)
1997 dC,0.0,Estratovolcán,True,False,Soufriere Hills (Montserrat)
2006 dC,2.0,Estratovolcán,False,False,Bulusan (Philippines)
2007 dC,4.0,Estratovolcán,False,False,Manam (Papua New Guinea)
2007 dC,0.0,Estratovolcán,False,False,"Tair, Jebel at (Yemen)"
2011 dC,0.0,Volcán En Escudo,False,False,Kirishima (Japan)
2012 dC,0.0,Volcán En Escudo,False,False,Tolbachik (Russia)
2018 dC,1.0,Volcán En Escudo,True,True,Kilauea (United States)
2020 dC,0.0,Estratovolcán,True,True,Ijen (Indonesia)
197 aC,3.0,Volcán En Escudo,True,True,Santorini (Greece)
60 dC,6.0,Estratovolcán,False,False,Bona-Churchill (United States)
1631 dC,5.0,Volcán Complejo,True,True,Vesuvius (Italy)
1682 dC,3.0,Volcán Complejo,False,False,Vesuvius (Italy)
1757 dC,0.0,Grieta De Viento,False,True,San Jorge (Portugal)
1812 dC,4.0,Estratovolcán,False,False,Soufriere St. Vincent (St. Vincent & the Grenadines)
1827 dC,2.0,Estratovolcán,False,False,Avachinsky (Russia)
1846 dC,2.0,Estratovolcán,False,False,Tangkubanparahu (Indonesia)
1856 dC,4.0,Estratovolcán,False,False,Komaga-take (Japan)
1883 dC,4.0,Arandela De Cúpula,True,False,Augustine (United States)
1914 dC,4.0,Estratovolcán,True,True,Sakura-jima (Japan)
1919 dC,3.0,Estratovolcán,True,False,Stromboli (Italy)
1927 dC,1.0,Estratovolcán,False,False,Esjufjoll (Iceland)
1944 dC,2.0,Volcán Complejo,False,False,Vesuvius (Italy)
1949 dC,3.0,Estratovolcán,False,False,Camiguin (Philippines)
1953 dC,2.0,Volcán Submarino,True,False,Myojun Knoll (Japan)
1968 dC,3.0,Estratovolcán,False,False,Arenal (Costa Rica)
1972 dC,0.0,Volcán Complejo,False,False,Hakone (Japan)
1981 dC,2.0,Estratovolcán,False,False,Alaid (Russia)
1990 dC,0.0,Estratovolcán,False,False,Kelut (Indonesia)
1997 dC,3.0,Estratovolcán,False,False,Soufriere Hills (Montserrat)
2002 dC,3.0,Estratovolcán,False,False,Semeru (Indonesia)
2006 dC,3.0,Estratovolcán,False,False,Tungurahua (Ecuador)
3580 aC,6.0,Estratovolcán,False,False,Taal (Philippines)
2040 aC,6.0,Volcán Complejo,False,False,Long Island (Papua New Guinea)
653 dC,6.0,Caldera,False,False,Dakataua (Papua New Guinea)
683 dC,6.0,Escudo Piroclástico,False,False,Rabaul (Papua New Guinea)
950 dC,0.0,Volcán Subglacial,False,False,Katla (Iceland)
1580 dC,3.0,Grieta De Viento,False,False,San Jorge (Portugal)
1581 dC,4.0,Estratovolcán,False,False,Fuego (Guatemala)
1608 dC,3.0,Estratovolcán,True,False,Gamalama (Indonesia)
1625 dC,5.0,Volcán Subglacial,False,False,Katla (Iceland)
1660 dC,4.0,Estratovolcán,False,False,Teon (Pacific Ocean)
1773 dC,2.0,Estratovolcán,False,False,Gamalama (Indonesia)
1779 dC,2.0,Volcán Complejo,False,False,Vesuvius (Italy)
1801 dC,2.0,Estratovolcán,False,False,Chokai (Japan)
1804 dC,3.0,Caldera,False,False,Shikotsu (Japan)
1820 dC,2.0,Estratovolcán,True,True,Westdahl (United States)
1845 dC,4.0,Estratovolcán,False,False,Hekla (Iceland)
1867 dC,2.0,Volcán Complejo,False,False,Zao (Japan)
1870 dC,2.0,Volcán En Escudo,False,False,Aoba (Vanuatu)
1910 dC,0.0,Caldera,False,False,Taupo (New Zealand)
1952 dC,0.0,Volcán Complejo,False,False,Hakone (Japan)
1953 dC,2.0,Caldera,False,False,Aso (Japan)
1963 dC,3.0,Estratovolcán,False,False,Irazu (Costa Rica)
1974 dC,1.0,Estratovolcán,True,False,Ritter Island (Papua New Guinea)
1986 dC,2.0,Estratovolcán,False,False,Merapi (Indonesia)
1987 dC,3.0,Volcán Complejo,False,False,Pacaya (Guatemala)
1990 dC,0.0,Escudo Piroclástico,False,False,Rabaul (Papua New Guinea)
1993 dC,0.0,Estratovolcán,False,False,Pinatubo (Philippines)
2000 dC,2.0,Estratovolcán,True,True,Miyake-jima (Japan)
2006 dC,1.0,Estratovolcán,False,False,Mayon (Philippines)
2009 dC,0.0,Estratovolcán,False,False,Redoubt (United States)
2016 dC,0.0,Estratovolcán,False,False,Sinabung (Indonesia)
2018 dC,0.0,Estratovolcán,False,False,Kusatsu-Shirane (Japan)
2019 dC,2.0,Estratovolcán,False,False,Stromboli (Italy)
1860 aC,6.0,Estratovolcán,False,False,St. Helens (United States)
230 dC,6.0,Caldera,False,False,Taupo (New Zealand)
1169 dC,0.0,Estratovolcán,True,True,Etna (Italy)
1566 dC,3.0,Volcán En Escudo,False,False,Kirishima (Japan)
1597 dC,4.0,Estratovolcán,False,False,Hekla (Iceland)
1640 dC,3.0,Estratovolcán,False,False,Tungurahua (Ecuador)
1650 dC,4.0,Volcán En Escudo,True,False,Santorini (Greece)
1660 dC,4.0,Volcán Subglacial,False,False,Katla (Iceland)
1672 dC,3.0,Estratovolcán,False,False,Merapi (Indonesia)
1679 dC,0.0,Volcán En Escudo,False,True,Zukur (Yemen)
1717 dC,3.0,Volcán En Escudo,False,False,Kirishima (Japan)
1741 dC,4.0,Estratovolcán,True,False,Oshima-Oshima (Japan)
1753 dC,2.0,Caldera,False,False,Grimsvotn (Iceland)
1780 dC,4.0,Estratovolcán,True,False,Sakura-jima (Japan)
1817 dC,4.0,Estratovolcán,False,False,Raung (Indonesia)
1833 dC,2.0,Estratovolcán,False,False,Kaba (Indonesia)
1841 dC,2.0,Estratovolcán,False,False,Kuchinoerabu-jima (Japan)
1843 dC,0.0,Estratovolcán,True,False,Liamuiga (St. Kitts & Nevis)
1871 dC,2.0,Estratovolcán,True,False,Ruang (Indonesia)
1899 dC,2.0,Estratovolcán,False,False,Manam (Papua New Guinea)
1900 dC,2.0,Volcán En Escudo,False,False,Kirishima (Japan)
1928 dC,3.0,Estratovolcán,False,False,Mayon (Philippines)
1937 dC,4.0,Escudo Piroclástico,True,True,Rabaul (Papua New Guinea)
1946 dC,2.0,Estratovolcán,False,False,Sakura-jima (Japan)
1953 dC,0.0,Volcán Complejo,True,False,St. Andrew Strait (Papua New Guinea)
1976 dC,3.0,Estratovolcán,False,False,Sangay (Ecuador)
1977 dC,3.0,Estratovolcán,False,False,Kliuchevskoi (Russia)
1981 dC,0.0,Estratovolcán,False,False,Mayon (Philippines)
1992 dC,1.0,Estratovolcán,False,False,Karangetang [Api Siau] (Indonesia)
1994 dC,3.0,Escudo Piroclástico,True,False,Rabaul (Papua New Guinea)
1997 dC,2.0,Estratovolcán,False,False,Merapi (Indonesia)
2005 dC,4.0,Estratovolcán,False,False,Manam (Papua New Guinea)
2006 dC,0.0,Estratovolcán,False,False,Raoul Island (New Zealand)
2014 dC,0.0,Estratovolcán,False,False,Fogo (Cape Verde)
2015 dC,2.0,Estratovolcán,False,False,Manam (Papua New Guinea)
1334 dC,3.0,Estratovolcán,False,False,Kelut (Indonesia)
1564 dC,3.0,Estratovolcán,False,False,Gamkonora (Indonesia)
1711 dC,3.0,Estratovolcán,False,False,Awu (Indonesia)
1873 dC,0.0,Volcán Complejo,False,False,Vesuvius (Italy)
1877 dC,4.0,Estratovolcán,False,False,Cotopaxi (Ecuador)
1892 dC,3.0,Estratovolcán,True,False,Awu (Indonesia)
1895 dC,2.0,Estratovolcán,False,False,Semeru (Indonesia)
1895 dC,2.0,Estratovolcán,False,False,Karkar (Papua New Guinea)
1902 dC,0.0,Estratovolcán,True,False,Pelee (Martinique)
1904 dC,2.0,Volcán En Escudo,False,False,Karthala (Comoros)
1906 dC,3.0,Volcán Complejo,True,False,Vesuvius (Italy)
1928 dC,1.0,Estratovolcán,False,False,Etna (Italy)
1929 dC,3.0,Estratovolcán,False,False,Calbuco (Chile)
1930 dC,3.0,Estratovolcán,False,False,Merapi (Indonesia)
1933 dC,3.0,Estratovolcán,True,False,Kharimkotan (Russia)
1933 dC,4.0,Estratovolcán,False,False,Kuchinoerabu-jima (Japan)
1950 dC,1.0,Estratovolcán,False,False,Semeru (Indonesia)
1972 dC,2.0,Volcán En Escudo,False,False,"Fournaise, Piton de la (Reunion)"
1978 dC,3.0,Estratovolcán,False,False,Usu (Japan)
1979 dC,0.0,Volcán Complejo,True,False,Iliwerung (Indonesia)
1996 dC,0.0,Estratovolcán,False,False,Maderas (Nicaragua)
2002 dC,4.0,Estratovolcán,False,False,Reventador (Ecuador)
2011 dC,4.0,Estratovolcán,False,False,Tungurahua (Ecuador)
2016 dC,0.0,Caldera,False,False,Aso (Japan)
1010 aC,5.0,Estratovolcán,False,False,Tungurahua (Ecuador)
350 dC,0.0,Arandela De Cúpula,False,False,Augustine (United States)
1311 dC,4.0,Volcán Subglacial,False,False,Katla (Iceland)
1587 dC,4.0,Estratovolcán,False,False,Merapi (Indonesia)
1716 dC,2.0,Estratovolcán,False,False,Kelut (Indonesia)
1729 dC,1.0,Estratovolcán,False,False,Bardarbunga (Iceland)
1742 dC,3.0,Estratovolcán,False,False,Cotopaxi (Ecuador)
1772 dC,3.0,Estratovolcán,True,False,Gamalama (Indonesia)
1775 dC,3.0,Estratovolcán,False,False,Lokon-Empung (Indonesia)
1840 dC,3.0,Estratovolcán,False,False,Ararat (Turkey)
1871 dC,3.0,Estratovolcán,False,False,Mayon (Philippines)
1874 dC,2.0,Estratovolcán,False,False,Taal (Philippines)
1883 dC,6.0,Caldera,True,False,Krakatau (Indonesia)
1885 dC,2.0,Estratovolcán,False,False,Semeru (Indonesia)
1919 dC,0.0,Volcán En Escudo,True,False,Mauna Loa (United States)
1939 dC,1.0,Volcán Complejo,False,False,Dieng Volc Complex (Indonesia)
1952 dC,2.0,Volcán Submarino,True,False,Myojun Knoll (Japan)
1952 dC,1.0,Volcán Compuesto,False,False,Ambalatungan Group (Philippines)
1961 dC,3.0,Estratovolcán,False,False,Calbuco (Chile)
1978 dC,3.0,Estratovolcán,False,False,Semeru (Indonesia)
1984 dC,0.0,Pero,False,False,Oku Volc Field (Cameroon)
1986 dC,2.0,Estratovolcán,False,False,Stromboli (Italy)
1987 dC,0.0,Volcán Complejo,False,True,Sirung (Indonesia)
1993 dC,0.0,Volcán En Escudo,False,False,Kilauea (United States)
1996 dC,3.0,Estratovolcán,False,False,Popocatepetl (Mexico)
2006 dC,3.0,Estratovolcán,False,False,Tungurahua (Ecuador)
2010 dC,0.0,Estratovolcán,False,False,Sinabung (Indonesia)
2016 dC,0.0,Caldera,False,False,Yellowstone (United States)
50 dC,6.0,Escudo Piroclástico,False,False,Ambrym (Vanuatu)
590 dC,0.0,Estratovolcán,False,False,San Salvador (El Salvador)
1302 dC,0.0,Volcán Complejo,False,False,Ischia (Italy)
1568 dC,3.0,Estratovolcán,False,False,Savo (Solomon Is.)
1570 dC,0.0,Estratovolcán,False,False,Mombacho (Nicaragua)
1663 dC,5.0,Estratovolcán,False,False,Usu (Japan)
1693 dC,0.0,Estratovolcán,False,True,Etna (Italy)
1755 dC,4.0,Volcán Subglacial,False,False,Katla (Iceland)
1843 dC,2.0,Estratovolcán,False,False,Lamongan (Indonesia)
1872 dC,3.0,Volcán Complejo,False,False,Vesuvius (Italy)
1878 dC,2.0,Volcán En Escudo,True,True,Okmok (United States)
1913 dC,3.0,Escudo Piroclástico,False,False,Ambrym (Vanuatu)
1949 dC,2.0,Estratovolcán,False,False,Purace (Colombia)
1957 dC,2.0,Caldera,False,False,Aso (Japan)
1963 dC,3.0,Estratovolcán,False,False,Irazu (Costa Rica)
1971 dC,3.0,Estratovolcán,False,False,Fuego (Guatemala)
1992 dC,3.0,Cono De Ceniza,False,False,"Negro, Cerro (Nicaragua)"
1997 dC,0.0,Estratovolcán,False,False,Hakkoda Group (Japan)
1997 dC,0.0,Estratovolcán,False,False,Adatara (Japan)
1997 dC,0.0,Caldera,False,False,Aso (Japan)
2004 dC,1.0,Estratovolcán,False,False,Egon (Indonesia)
2013 dC,0.0,Estratovolcán,False,False,Paluweh (Indonesia)
2013 dC,0.0,Estratovolcán,False,False,Sakura-jima (Japan)
2015 dC,0.0,Estratovolcán,False,False,Karangetang [Api Siau] (Indonesia)
1460 aC,6.0,Caldera,False,False,Taupo (New Zealand)
1000 dC,7.0,Estratovolcán,False,False,Changbaishan (North Korea)
1727 dC,4.0,Estratovolcán,False,False,Oraefajokull (Iceland)
1826 dC,3.0,Estratovolcán,False,False,Kelut (Indonesia)
1868 dC,2.0,Volcán En Escudo,True,True,Mauna Loa (United States)
1869 dC,2.0,Estratovolcán,False,False,Lewotobi (Indonesia)
1895 dC,2.0,Caldera,False,False,Dakataua (Papua New Guinea)
1900 dC,2.0,Estratovolcán,False,False,Adatara (Japan)
1900 dC,0.0,Cono De Piedra Pómez,False,False,Tullu Moje (Ethiopia)
1902 dC,2.0,Estratovolcán,False,False,Merapi (Indonesia)
1907 dC,2.0,Estratovolcán,False,False,Lewotobi (Indonesia)
1913 dC,2.0,Estratovolcán,True,True,Awu (Indonesia)
1930 dC,3.0,Volcán Complejo,False,False,Asama (Japan)
1932 dC,0.0,Estratovolcán,False,False,Merapi (Indonesia)
1938 dC,1.0,Volcán En Escudo,True,False,"Nyamuragira (Congo, DRC)"
1938 dC,2.0,Estratovolcán,False,False,Mayon (Philippines)
1954 dC,0.0,Estratovolcán,False,False,Camiguin (Philippines)
1958 dC,2.0,Estratovolcán,False,False,Mahawu (Indonesia)
1961 dC,0.0,Estratovolcán,False,False,Tate-yama (Japan)
1964 dC,2.0,Estratovolcán,False,False,Paluweh (Indonesia)
1992 dC,4.0,Estratovolcán,False,False,Spurr (United States)
1995 dC,0.0,Estratovolcán,False,False,Parker (Philippines)
1998 dC,0.0,Estratovolcán,False,False,Kelut (Indonesia)
2000 dC,3.0,Estratovolcán,False,False,Arenal (Costa Rica)
2010 dC,1.0,Volcán Complejo,False,False,Pacaya (Guatemala)
2010 dC,0.0,Estratovolcán,False,False,Merapi (Indonesia)
2011 dC,0.0,Estratovolcán,False,False,Lokon-Empung (Indonesia)
2013 dC,0.0,Estratovolcán,False,False,Merapi (Indonesia)
2016 dC,0.0,Estratovolcán,False,False,Rinjani (Indonesia)
2018 dC,0.0,Volcán En Escudo,False,False,Kilauea (United States)
4050 aC,6.0,Caldera,False,False,Masaya (Nicaragua)
2420 aC,5.0,Volcán Complejo,False,False,Vesuvius (Italy)
79 dC,5.0,Volcán Complejo,True,True,Vesuvius (Italy)
1375 dC,5.0,Cono De Toba,False,False,"Chichon, El (Mexico)"
1376 dC,3.0,Estratovolcán,False,False,Kelut (Indonesia)
1538 dC,3.0,Caldera,False,False,Campi Flegrei (Italy)
1664 dC,2.0,Volcán Complejo,False,False,Unzen (Japan)
1698 dC,3.0,Estratovolcán,False,False,Cotopaxi (Ecuador)
1775 dC,3.0,Estratovolcán,False,False,Gamalama (Indonesia)
1800 dC,2.0,Estratovolcán,False,False,Mayon (Philippines)
1822 dC,4.0,Estratovolcán,False,False,Usu (Japan)
1822 dC,5.0,Estratovolcán,False,False,Galunggung (Indonesia)
1840 dC,2.0,Estratovolcán,True,False,Gamalama (Indonesia)
1874 dC,3.0,Estratovolcán,False,False,Miyake-jima (Japan)
1911 dC,0.0,Volcán De Lodo,True,False,Piparo (Trinidad)
1911 dC,3.0,Estratovolcán,False,False,Semeru (Indonesia)
1916 dC,3.0,Estratovolcán,True,False,Stromboli (Italy)
1928 dC,2.0,Volcán Complejo,False,False,Dieng Volc Complex (Indonesia)
1933 dC,2.0,Estratovolcán,True,False,Bulusan (Philippines)
1944 dC,2.0,Estratovolcán,False,False,Usu (Japan)
1953 dC,0.0,Estratovolcán,False,False,Ruapehu (New Zealand)
1966 dC,4.0,Estratovolcán,False,False,Kelut (Indonesia)
1966 dC,4.0,Estratovolcán,False,False,"Lengai, Ol Doinyo (Tanzania)"
1969 dC,0.0,Caldera,False,False,Narugo (Japan)
1971 dC,3.0,Estratovolcán,False,False,"Hudson, Cerro (Chile)"
1973 dC,2.0,Volcán Complejo,False,False,Iliwerung (Indonesia)
1979 dC,2.0,Estratovolcán,False,False,Karkar (Papua New Guinea)
1981 dC,2.0,Estratovolcán,False,False,Etna (Italy)
1982 dC,5.0,Cono De Toba,False,True,"Chichon, El (Mexico)"
1993 dC,2.0,Volcán Complejo,False,False,Galeras (Colombia)
2002 dC,3.0,Estratovolcán,False,True,Etna (Italy)
2008 dC,0.0,Estratovolcán,False,False,Huila (Colombia)
2011 dC,4.0,Estratovolcán,False,False,Puyehue (Chile)
2013 dC,0.0,Arandela De Cúpula,False,False,Okataina (New Zealand)
2014 dC,3.0,Volcán Complejo,False,False,On-take (Japan)
2014 dC,0.0,Estratovolcán,False,False,Gamalama (Indonesia)
2018 dC,0.0,Estratovolcán,False,False,Mayon (Philippines)
2018 dC,4.0,Estratovolcán,False,False,Manam (Papua New Guinea)
4360 aC,6.0,Caldera,False,False,Macauley Island (New Zealand)
4000 aC,6.0,Caldera,False,False,Pago (Papua New Guinea)
50 aC,6.0,Escudo Piroclástico,False,False,Apoyeque (Nicaragua)
46 dC,3.0,Volcán En Escudo,True,False,Santorini (Greece)
500 dC,0.0,Campo Volcánico,False,False,"Arhab, Harra of (Yemen)"
787 dC,3.0,Volcán Complejo,False,False,Vesuvius (Italy)
1536 dC,3.0,Estratovolcán,False,False,Etna (Italy)
1690 dC,0.0,Volcán Complejo,True,False,Vesuvius (Italy)
1726 dC,1.0,Estratovolcán,False,False,Bardarbunga (Iceland)
1730 dC,3.0,Estratovolcán,False,False,Raung (Indonesia)
1742 dC,3.0,Estratovolcán,False,False,Cotopaxi (Ecuador)
1749 dC,3.0,Estratovolcán,True,True,Taal (Philippines)
1848 dC,2.0,Estratovolcán,False,False,Kelut (Indonesia)
1861 dC,3.0,Estratovolcán,False,True,Dubbi (Eritrea)
1892 dC,2.0,Caldera,True,False,Tofua (Tonga)
1897 dC,3.0,Estratovolcán,False,False,Mayon (Philippines)
1902 dC,0.0,Estratovolcán,True,False,Pelee (Martinique)
1912 dC,3.0,Volcán En Escudo,False,False,"Nyamuragira (Congo, DRC)"
1919 dC,1.0,Estratovolcán,False,False,Popocatepetl (Mexico)
1919 dC,0.0,Volcán Submarino,True,False,Banua Wuhu (Indonesia)
1923 dC,2.0,Volcanes Submarinos,True,True,"Cendres, Ile des (Vietnam)"
1929 dC,2.0,Estratovolcán,False,False,Etna (Italy)
1939 dC,2.0,Estratovolcán,False,False,Tori-shima (Japan)
1940 dC,2.0,Estratovolcán,False,False,Karangetang [Api Siau] (Indonesia)
1947 dC,2.0,Volcán Complejo,False,False,Asama (Japan)
1957 dC,2.0,Estratovolcán,False,False,Oshima (Japan)
1979 dC,2.0,Caldera,False,False,Aso (Japan)
1980 dC,0.0,Estratovolcán,False,False,Hood (United States)
1989 dC,0.0,Volcán En Escudo,False,False,Kirishima (Japan)
1994 dC,1.0,Caldera,False,False,Aso (Japan)
2001 dC,3.0,Estratovolcán,False,False,Etna (Italy)
2011 dC,2.0,Estratovolcán,False,False,Bulusan (Philippines)
2014 dC,0.0,Estratovolcán,False,False,Kelut (Indonesia)
1370 aC,6.0,Caldera,False,False,Pago (Papua New Guinea)
710 dC,6.0,Caldera,False,False,Pago (Papua New Guinea)
1853 dC,3.0,Estratovolcán,False,False,Mayon (Philippines)
1872 dC,4.0,Estratovolcán,False,False,Merapi (Indonesia)
1878 dC,3.0,Estratovolcán,True,False,Yasur (Vanuatu)
1905 dC,2.0,Volcán En Escudo,True,False,Savai'i (Samoa)
1918 dC,4.0,Volcán Subglacial,False,False,Katla (Iceland)
1944 dC,2.0,Estratovolcán,True,False,Stromboli (Italy)
1952 dC,2.0,Volcán Submarino,True,False,Myojun Knoll (Japan)
1955 dC,4.0,Cono Piroclástico,False,False,Carran-Los Venados (Chile)
1961 dC,3.0,Estratovolcán,False,False,Merapi (Indonesia)
1975 dC,3.0,Estratovolcán,False,False,Arenal (Costa Rica)
1980 dC,3.0,Estratovolcán,False,False,Hekla (Iceland)
1981 dC,2.0,Estratovolcán,False,False,Paluweh (Indonesia)
1988 dC,0.0,Volcán Complejo,False,False,Akita-Yake-yama (Japan)
1991 dC,2.0,Volcán En Escudo,False,False,Karthala (Comoros)
1994 dC,3.0,Estratovolcán,False,False,Merapi (Indonesia)
1995 dC,1.0,Estratovolcán,False,False,Yake-dake (Japan)
2002 dC,0.0,Estratovolcán,True,False,Stromboli (Italy)
2003 dC,3.0,Estratovolcán,True,False,Soufriere Hills (Montserrat)
2010 dC,3.0,Estratovolcán,False,False,Tungurahua (Ecuador)
2018 dC,2.0,Estratovolcán,False,False,Fuego (Guatemala)
1050 aC,6.0,Estratovolcán,False,False,Pinatubo (Philippines)
764 dC,4.0,Estratovolcán,False,False,Sakura-jima (Japan)
766 dC,3.0,Estratovolcán,True,True,Sakura-jima (Japan)
1760 dC,4.0,Estratovolcán,False,False,Makian (Indonesia)
1766 dC,4.0,Estratovolcán,False,False,Hekla (Iceland)
1790 dC,4.0,Volcán En Escudo,False,False,Kilauea (United States)
1803 dC,2.0,Volcán Complejo,False,False,Asama (Japan)
1813 dC,2.0,Volcán Complejo,True,False,Vesuvius (Italy)
1825 dC,3.0,Estratovolcán,False,False,Shishaldin (United States)
1869 dC,2.0,Estratovolcán,False,False,Lamongan (Indonesia)
1883 dC,0.0,Caldera,True,False,Krakatau (Indonesia)
1900 dC,2.0,Volcán Complejo,False,False,Asama (Japan)
1914 dC,0.0,Estratovolcán,False,False,White Island (New Zealand)
1928 dC,3.0,Estratovolcán,True,False,Paluweh (Indonesia)
1952 dC,2.0,Volcán Submarino,True,False,Myojun Knoll (Japan)
1953 dC,0.0,Volcán Complejo,False,False,Sirung (Indonesia)
1963 dC,2.0,Estratovolcán,False,False,Villarrica (Chile)
1976 dC,2.0,Estratovolcán,False,False,Merapi (Indonesia)
1977 dC,3.0,Estratovolcán,False,False,Usu (Japan)
1980 dC,5.0,Estratovolcán,True,True,St. Helens (United States)
1981 dC,0.0,Estratovolcán,False,False,Vilyuchik (Russia)
1985 dC,3.0,Estratovolcán,False,False,Ruiz (Colombia)
1990 dC,3.0,Estratovolcán,False,False,Shiveluch (Russia)
1990 dC,3.0,Estratovolcán,False,False,Santa Maria (Guatemala)
1995 dC,3.0,Estratovolcán,False,False,Yasur (Vanuatu)
2006 dC,1.0,Estratovolcán,False,False,Merapi (Indonesia)
2010 dC,2.0,Estratovolcán,False,False,Eyjafjallajokull (Iceland)
2010 dC,3.0,Estratovolcán,False,False,Tungurahua (Ecuador)
2011 dC,0.0,Volcán Subglacial,False,False,Katla (Iceland)
2015 dC,0.0,Estratovolcán,False,False,Sinabung (Indonesia)
2018 dC,2.0,Escudo Piroclástico,False,True,Ambrym (Vanuatu)
2019 dC,4.0,Estratovolcán,False,False,Manam (Papua New Guinea)
3550 aC,6.0,Estratovolcán,False,False,Pinatubo (Philippines)
1050 dC,0.0,Volcán En Escudo,True,False,Santorini (Greece)
1177 dC,3.0,Volcán Subglacial,False,False,Katla (Iceland)
1595 dC,4.0,Estratovolcán,False,False,Ruiz (Colombia)
1598 dC,3.0,Caldera,False,False,Banda Api (Pacific Ocean)
1638 dC,4.0,Estratovolcán,False,False,Raung (Indonesia)
1659 dC,3.0,Estratovolcán,False,True,San Salvador (El Salvador)
1684 dC,2.0,Caldera,False,False,Grimsvotn (Iceland)
1693 dC,4.0,Estratovolcán,True,False,Hekla (Iceland)
1694 dC,3.0,Caldera,False,False,Banda Api (Pacific Ocean)
1794 dC,3.0,Volcán Complejo,False,False,Vesuvius (Italy)
1800 dC,1.0,Grieta De Viento,False,False,San Jorge (Portugal)
1816 dC,2.0,Caldera,False,False,Aso (Japan)
1817 dC,2.0,Estratovolcán,False,False,Ijen (Indonesia)
1825 dC,0.0,Estratovolcán,False,False,Balbi (Papua New Guinea)
1846 dC,1.0,Estratovolcán,False,False,E-san (Japan)
1875 dC,0.0,Estratovolcán,False,False,Mayon (Philippines)
1889 dC,2.0,Volcán Submarino,True,True,Banua Wuhu (Indonesia)
1912 dC,6.0,Caldera,False,False,Novarupta (United States)
1953 dC,0.0,Volcán Complejo,False,False,Hakone (Japan)
1961 dC,0.0,Estratovolcán,False,False,Daisetsu (Japan)
1964 dC,1.0,Volcán Complejo,False,False,Dieng Volc Complex (Indonesia)
1965 dC,0.0,Volcán Submarino,True,False,Kick-'em-Jenny (Netherlands)
1971 dC,2.0,Estratovolcán,True,False,Tinakula (Solomon Is.)
1976 dC,2.0,Estratovolcán,False,False,Semeru (Indonesia)
1976 dC,2.0,Estratovolcán,False,False,Karangetang [Api Siau] (Indonesia)
1978 dC,3.0,Estratovolcán,False,False,Santa Maria (Guatemala)
1983 dC,2.0,Estratovolcán,False,False,Kliuchevskoi (Russia)
1986 dC,3.0,Estratovolcán,False,False,Oshima (Japan)
1992 dC,2.0,Estratovolcán,False,False,Karangetang [Api Siau] (Indonesia)
2002 dC,3.0,Estratovolcán,False,False,Karangetang [Api Siau] (Indonesia)
2013 dC,3.0,Estratovolcán,False,False,Paluweh (Indonesia)
2013 dC,2.0,Estratovolcán,False,False,Sinabung (Indonesia)
2017 dC,2.0,Estratovolcán,False,False,Sinabung (Indonesia)
2018 dC,1.0,Caldera,True,False,Krakatau (Indonesia)
2019 dC,0.0,Estratovolcán,False,False,Ulawun (Papua New Guinea)
450 dC,6.0,Caldera,False,False,Ilopango (El Salvador)
1565 dC,3.0,Volcán Complejo,False,True,Pacaya (Guatemala)
1716 dC,3.0,Volcán En Escudo,False,False,Kirishima (Japan)
1721 dC,1.0,Volcán Complejo,False,False,Asama (Japan)
1762 dC,2.0,Estratovolcán,False,False,Kliuchevskoi (Russia)
1784 dC,0.0,Estratovolcán,False,False,Sabancaya (Peru)
1786 dC,2.0,Volcán Complejo,False,False,Dieng Volc Complex (Indonesia)
1800 dC,0.0,Volcán Complejo,False,False,Guntur (Indonesia)
1800 dC,0.0,Volcán En Escudo,False,False,Hualalai (United States)
1839 dC,2.0,Volcán Submarino,True,False,Unnamed (Chile)
1861 dC,2.0,Caldera,False,False,Grimsvotn (Iceland)
1878 dC,3.0,Escudo Piroclástico,True,True,Rabaul (Papua New Guinea)
1901 dC,3.0,Estratovolcán,False,False,Kelut (Indonesia)
1911 dC,3.0,Estratovolcán,True,True,Taal (Philippines)
1917 dC,3.0,Estratovolcán,False,False,"Lengai, Ol Doinyo (Tanzania)"
1921 dC,0.0,Estratovolcán,False,False,Nasu (Japan)
1933 dC,0.0,Volcán Complejo,False,False,Hakone (Japan)
1941 dC,2.0,Estratovolcán,False,False,Semeru (Indonesia)
1944 dC,2.0,Estratovolcán,False,False,Usu (Japan)
1947 dC,4.0,Estratovolcán,False,False,Hekla (Iceland)
1976 dC,0.0,Estratovolcán,False,False,Kusatsu-Shirane (Japan)
1979 dC,2.0,Estratovolcán,False,False,Etna (Italy)
1982 dC,4.0,Estratovolcán,False,False,Galunggung (Indonesia)
1988 dC,3.0,Estratovolcán,False,False,Arenal (Costa Rica)
2005 dC,0.0,Volcán En Escudo,False,False,Karthala (Comoros)
2010 dC,0.0,Estratovolcán,False,False,Tengger Caldera (Indonesia)
200 dC,0.0,Campo Volcánico,False,False,"Arhab, Harra of (Yemen)"
640 dC,2.0,Campo Volcánico,False,False,"Uwayrid, Harrat (Saudi Arabia)"
1169 dC,0.0,Estratovolcán,True,False,Etna (Italy)
1600 dC,6.0,Estratovolcán,False,True,Huaynaputina (Peru)
1629 dC,2.0,Caldera,False,False,Grimsvotn (Iceland)
1717 dC,3.0,Estratovolcán,False,False,Bardarbunga (Iceland)
1778 dC,4.0,Estratovolcán,False,False,Raikoke (Russia)
1789 dC,2.0,Estratovolcán,False,False,Oshima (Japan)
1805 dC,2.0,Volcán Complejo,False,False,Vesuvius (Italy)
1829 dC,2.0,Volcán Complejo,False,False,Guntur (Indonesia)
1837 dC,0.0,Volcán Complejo,True,True,Peuet Sague (Indonesia)
1853 dC,2.0,Volcán Submarino,True,False,Unnamed (Taiwan)
1854 dC,2.0,Caldera,False,False,Aso (Japan)
1860 dC,2.0,Estratovolcán,False,False,Semeru (Indonesia)
1871 dC,2.0,Estratovolcán,True,True,Camiguin (Philippines)
1875 dC,5.0,Estratovolcán,False,False,Askja (Iceland)
1886 dC,4.0,Estratovolcán,False,False,Tungurahua (Ecuador)
1886 dC,2.0,Arandela De Cúpula,False,False,Okataina (New Zealand)
1893 dC,4.0,Estratovolcán,False,False,Calbuco (Chile)
1951 dC,3.0,Estratovolcán,False,False,Camiguin (Philippines)
1953 dC,2.0,Volcán Submarino,True,False,Myojun Knoll (Japan)
1957 dC,0.0,Volcán Complejo,False,False,Unzen (Japan)
1981 dC,3.0,Estratovolcán,False,False,Semeru (Indonesia)
1993 dC,0.0,Estratovolcán,False,False,Wurlali (Indonesia)
1993 dC,1.0,Estratovolcán,False,False,Pinatubo (Philippines)
1996 dC,2.0,Estratovolcán,False,False,Kanlaon (Philippines)
2013 dC,0.0,Estratovolcán,False,False,Mayon (Philippines)
2017 dC,0.0,Estratovolcán,False,False,Etna (Italy)
2017 dC,0.0,Volcán Complejo,False,False,Dieng Volc Complex (Indonesia)
141 aC,0.0,Estratovolcán,False,False,Etna (Italy)
1262 dC,3.0,Volcán Subglacial,False,False,Katla (Iceland)
1300 dC,4.0,Estratovolcán,False,False,Hekla (Iceland)
1331 dC,2.0,Caldera,False,False,Aso (Japan)
1714 dC,0.0,Volcán Complejo,True,False,Vesuvius (Italy)
1907 dC,0.0,Volcán En Escudo,True,False,Savai'i (Samoa)
1911 dC,2.0,Volcán Complejo,False,False,Asama (Japan)
1913 dC,4.0,Estratovolcán,False,False,Colima (Mexico)
1944 dC,3.0,Estratovolcán,False,False,Cleveland (United States)
1952 dC,2.0,Volcán Submarino,True,False,Myojun Knoll (Japan)
1960 dC,3.0,Estratovolcán,True,True,Puyehue (Chile)
1971 dC,2.0,Estratovolcán,False,False,La Palma (Spain)
1972 dC,1.0,Estratovolcán,True,False,Ritter Island (Papua New Guinea)
1979 dC,3.0,Estratovolcán,False,False,Soufriere St. Vincent (St. Vincent & the Grenadines)
1983 dC,3.0,Estratovolcán,False,True,Miyake-jima (Japan)
1984 dC,3.0,Estratovolcán,False,False,Etna (Italy)
1990 dC,2.0,Caldera,False,False,Aso (Japan)
1991 dC,2.0,Estratovolcán,False,False,Etna (Italy)
1994 dC,3.0,Estratovolcán,False,False,Semeru (Indonesia)
2007 dC,0.0,Estratovolcán,False,False,Salak (Indonesia)
2017 dC,2.0,Estratovolcán,False,False,Fuego (Guatemala)
2017 dC,0.0,Volcán En Escudo,False,False,Aoba (Vanuatu)
2018 dC,3.0,Volcán En Escudo,False,False,Aoba (Vanuatu)
2019 dC,2.0,Estratovolcán,True,False,Stromboli (Italy)
1550 aC,0.0,Estratovolcán,False,False,Redoubt (United States)
250 aC,6.0,Estratovolcán,False,False,Raoul Island (New Zealand)
1640 dC,5.0,Estratovolcán,True,True,Komaga-take (Japan)
1785 dC,3.0,Estratovolcán,False,False,Aoga-shima (Japan)
1812 dC,3.0,Estratovolcán,False,False,Awu (Indonesia)
1853 dC,0.0,Volcán En Escudo,False,False,Niuafo'ou (Tonga)
1892 dC,2.0,Estratovolcán,False,False,Sorikmarapi (Indonesia)
1917 dC,3.0,Estratovolcán,False,False,Calbuco (Chile)
1938 dC,1.0,Volcán Complejo,False,False,Asama (Japan)
1941 dC,2.0,Volcán Complejo,False,False,Asama (Japan)
1943 dC,4.0,Cono De Ceniza,False,False,Michoacan-Guanajuato (Mexico)
1944 dC,2.0,Volcán Complejo,False,False,Dieng Volc Complex (Indonesia)
1953 dC,1.0,Estratovolcán,False,False,Oshima (Japan)
1973 dC,0.0,Estratovolcán,False,False,"Hudson, Cerro (Chile)"
1990 dC,2.0,Caldera,False,False,Aso (Japan)
1991 dC,6.0,Estratovolcán,False,True,Pinatubo (Philippines)
1992 dC,1.0,Estratovolcán,False,False,Pinatubo (Philippines)
1995 dC,2.0,Estratovolcán,False,False,Fogo (Cape Verde)
1996 dC,3.0,Estratovolcán,False,False,Manam (Papua New Guinea)
2000 dC,0.0,Volcán En Escudo,False,False,Kilauea (United States)
2005 dC,3.0,Estratovolcán,False,False,Santa Ana (El Salvador)
2006 dC,2.0,Estratovolcán,True,False,Soufriere Hills (Montserrat)
2015 dC,0.0,Estratovolcán,False,False,Calbuco (Chile)
2017 dC,0.0,Caldera,False,False,Campi Flegrei (Italy)
2018 dC,0.0,Estratovolcán,False,False,Kadovar (Papua New Guinea)
2018 dC,0.0,Estratovolcán,False,False,Ijen (Indonesia)
4350 aC,7.0,Caldera,False,False,Kikai (Japan)
934 dC,4.0,Volcán Subglacial,False,False,Katla (Iceland)
1250 dC,0.0,Estratovolcán,False,False,Fentale (Ethiopia)
1389 dC,3.0,Estratovolcán,False,False,Hekla (Iceland)
1471 dC,5.0,Estratovolcán,False,False,Sakura-jima (Japan)
1500 dC,4.0,Volcán Subglacial,False,False,Katla (Iceland)
1590 dC,3.0,Estratovolcán,False,False,Colima (Mexico)
1596 dC,2.0,Volcán Complejo,False,False,Asama (Japan)
1606 dC,2.0,Estratovolcán,True,False,Hachijo-jima (Japan)
1712 dC,2.0,Estratovolcán,False,False,Bardarbunga (Iceland)
1716 dC,2.0,Estratovolcán,False,False,Bardarbunga (Iceland)
1737 dC,2.0,Volcán Complejo,False,False,Vesuvius (Italy)
1779 dC,4.0,Estratovolcán,False,False,Sakura-jima (Japan)
1783 dC,4.0,Volcán Complejo,False,False,Asama (Japan)
1822 dC,3.0,Estratovolcán,False,False,Merapi (Indonesia)
1840 dC,3.0,Estratovolcán,False,False,Tinakula (Solomon Is.)
1845 dC,2.0,Estratovolcán,True,True,Soputan (Indonesia)
1847 dC,2.0,Estratovolcán,False,False,Fogo (Cape Verde)
1856 dC,3.0,Estratovolcán,True,True,Awu (Indonesia)
1861 dC,4.0,Estratovolcán,False,False,Makian (Indonesia)
1903 dC,1.0,Arandela De Cúpula,False,False,Okataina (New Zealand)
1951 dC,0.0,Volcán Complejo,False,False,Hakone (Japan)
1954 dC,2.0,Estratovolcán,False,False,Bam (Papua New Guinea)
1958 dC,0.0,Estratovolcán,False,False,Daisetsu (Japan)
1962 dC,2.0,Estratovolcán,False,False,Gamalama (Indonesia)
1969 dC,2.0,Estratovolcán,False,False,Merapi (Indonesia)
1973 dC,3.0,Estratovolcán,False,False,Paluweh (Indonesia)
1974 dC,3.0,Estratovolcán,False,False,Sakura-jima (Japan)
1978 dC,0.0,Estratovolcán,False,False,Tangkubanparahu (Indonesia)
1983 dC,4.0,Estratovolcán,False,False,Colo [Una Una] (Indonesia)
1987 dC,2.0,Estratovolcán,False,False,Etna (Italy)
1994 dC,3.0,Estratovolcán,False,False,Rinjani (Indonesia)
1996 dC,3.0,Caldera,False,False,Grimsvotn (Iceland)
1997 dC,3.0,Estratovolcán,False,False,Soufriere Hills (Montserrat)
1999 dC,3.0,Estratovolcán,False,False,Guagua Pichincha (Ecuador)
2001 dC,2.0,Estratovolcán,False,False,Merapi (Indonesia)
2002 dC,1.0,Estratovolcán,False,False,"Nyiragongo (Congo, DRC)"
2011 dC,0.0,Estratovolcán,False,False,Karangetang [Api Siau] (Indonesia)
2012 dC,0.0,Volcán En Escudo,False,False,Kilauea (United States)
2012 dC,0.0,Volcán En Escudo,False,False,Kilauea (United States)
1631 dC,0.0,Volcán En Escudo,False,True,Dama Ali (Ethiopia)
1659 dC,4.0,Estratovolcán,True,False,Teon (Pacific Ocean)
1664 dC,0.0,Volcán Complejo,True,False,Iwo-Tori-shima (Japan)
1707 dC,0.0,Volcán En Escudo,True,False,Santorini (Greece)
1729 dC,2.0,Caldera,False,False,Krafla (Iceland)
1780 dC,4.0,Estratovolcán,False,False,Sakura-jima (Japan)
1835 dC,0.0,Caldera,False,True,Banda Api (Pacific Ocean)
1843 dC,0.0,Estratovolcán,True,False,Soufriere Guadeloupe (Guadeloupe)
1854 dC,5.0,Estratovolcán,False,False,Shiveluch (Russia)
1856 dC,0.0,Estratovolcán,True,False,Shishaldin (United States)
1860 dC,2.0,Estratovolcán,False,False,Fuego (Guatemala)
1868 dC,0.0,Estratovolcán,True,True,Etna (Italy)
1872 dC,4.0,Estratovolcán,False,False,Merapi (Indonesia)
1875 dC,0.0,Estratovolcán,False,False,Kelut (Indonesia)
1878 dC,0.0,Estratovolcán,True,True,Yasur (Vanuatu)
1909 dC,2.0,Estratovolcán,False,True,"Cameroon, Mt. (Cameroon)"
1914 dC,3.0,Caldera,False,False,Pago (Papua New Guinea)
1917 dC,1.0,Arandela De Cúpula,False,False,Okataina (New Zealand)
1930 dC,2.0,Caldera,True,False,Krakatau (Indonesia)
1930 dC,3.0,Estratovolcán,True,False,Stromboli (Italy)
1934 dC,0.0,Estratovolcán,False,False,Hood (United States)
1946 dC,4.0,Estratovolcán,True,False,Sarychev Peak (Russia)
1954 dC,0.0,Estratovolcán,True,False,Stromboli (Italy)
1955 dC,3.0,Estratovolcán,False,False,Sakura-jima (Japan)
1962 dC,0.0,Estratovolcán,False,False,Merapi (Indonesia)
1990 dC,4.0,Estratovolcán,False,False,Kelut (Indonesia)
1993 dC,1.0,Volcán Complejo,False,False,Unzen (Japan)
2010 dC,3.0,Estratovolcán,False,False,Karangetang [Api Siau] (Indonesia)
2014 dC,0.0,Volcán En Escudo,False,False,Kilauea (United States)
2016 dC,0.0,Estratovolcán,False,False,Sinabung (Indonesia)
2019 dC,4.0,Estratovolcán,False,False,Manam (Papua New Guinea)
2019 dC,0.0,Estratovolcán,False,False,Sinabung (Indonesia)
